objectname,objectid,rating,numplays,weight,own,fortrade,want,wanttobuy,wanttoplay,prevowned,preordered,wishlist,wishlistpriority,wishlistcomment,comment,conditiontext,haspartslist,wantpartslist,collid,baverage,average,avgweight,rank,numowned,objecttype,originalname,minplayers,maxplayers,playingtime,maxplaytime,minplaytime,yearpublished,bggrecplayers,bggbestplayers,bggrecagerange,bgglanguagedependence,publisherid,imageid,year,language,other,itemtype,barcode,pricepaid,pp_currency,currvalue,cv_currency,acquisitiondate,acquiredfrom,quantity,privatecomment,invlocation,invdate,version_publishers,version_languages,version_yearpublished,version_nickname
"10 Minute Heist: The Wizard's Tower","194789","6","","0","1","0","0","0","0","0","0","0","3","","","","","","57829185","5.85067","6.42882","1.24","3558","2213","thing","10 Minute Heist: The Wizard's Tower","2","5","10","10","10","2017","2,3,4,5","3","8+","Some necessary text - easily memorized or small crib sheet","","","","","","standalone","","","","","","","","","","","","","","",""
"1st & Goal","95105","7.5","","0","1","0","0","0","0","0","0","0","3","","","","","","57824672","5.98439","6.53098","1.8214","2713","2573","thing","1st & Goal","2","4","150","150","120","2011","2","2","8+","Some necessary text - easily memorized or small crib sheet","","","","","","standalone","","","","","","","","","","","","","","",""
"7 Wonders Duel","173346","8","","0","1","0","0","0","0","0","0","0","3","","","","","","52754132","7.97939","8.10326","2.2213","19","123088","thing","7 Wonders Duel","2","2","30","30","30","2015","2","2","10+","No necessary in-game text","","","","","","standalone","","","","","","","","","","","","","","",""
"Animal Upon Animal","17329","10","","0","1","0","0","0","0","0","0","0","3","","","","","","97147611","6.53917","6.80111","1.0415","1039","12388","thing","Animal Upon Animal","2","4","15","15","15","2005","2,3,4","4","3+","No necessary in-game text","","","","","","standalone","","","","","","","","","","","","","","",""
"Animal Upon Animal: Christmas Edition","304821","8.5","","0","1","0","0","0","0","0","0","0","3","","","","","","97147635","5.59085","7.20219","0","8041","308","thing","Animal Upon Animal: Christmas Edition","2","4","20","20","20","2020","2,3,4","2","","","","","","","","standalone","","","","","","","","","","","","","","",""
"Animal Upon Animal: Small and Yet Great!","104805","7","","0","1","0","0","0","0","0","0","0","3","","","","","","97147624","5.6555","6.26855","1","5974","980","thing","Animal Upon Animal: Small and Yet Great!","2","2","15","15","15","2011","2","2","4+","No necessary in-game text","","","","","","standalone","","","","","","","","","","","","","","",""
"Arkham Horror (Third Edition)","257499","7","","0","1","0","0","0","0","0","0","0","3","","","","","","90596191","7.14157","7.73482","3.3264","298","13797","thing","Arkham Horror (Third Edition)","1","6","180","180","120","2018","1,2,3,4","3","12+","Extensive use of text - massive conversion needed to be playable","","","","","","standalone","","","","","","","","","","","","","","",""
"Arkham Horror: The Card Game","205637","9.5","","0","1","0","0","0","0","0","0","0","3","","","","","","52754134","7.92099","8.15203","3.4996","25","65311","thing","Arkham Horror: The Card Game","1","2","120","120","60","2016","1,2","2","14+","Extensive use of text - massive conversion needed to be playable","","","","","","standalone","","","","","","","","","","","","","","",""
"Arkham Horror: The Card Game – Return to the Night of the Zealot","244145","3","","0","1","0","0","0","0","0","0","0","3","","","","","","57825204","6.16076","7.97772","3.7778","0","6581","thing","Arkham Horror: The Card Game – Return to the Night of the Zealot","1","2","120","120","60","2018","1,2","2","14+","Extensive use of text - massive conversion needed to be playable","","","","","","expansion","","","","","","","","","","","","","","",""
"Arkham Horror: The Card Game – The Dunwich Legacy: Expansion","208545","7","","0","1","0","0","0","0","0","0","0","3","","","","","","57825190","7.3691","8.45704","3.44","0","18311","thing","Arkham Horror: The Card Game – The Dunwich Legacy: Expansion","1","2","120","120","60","2017","1,2","2","14+","Extensive use of text - massive conversion needed to be playable","","","","","","expansion","","","","","","","","","","","","","","",""
"Arkham Horror: The Card Game – The Forgotten Age: Expansion","245815","8","","0","1","0","0","0","0","0","0","0","3","","","","","","57825225","6.38362","8.35528","3.8636","0","7156","thing","Arkham Horror: The Card Game – The Forgotten Age: Expansion","1","4","120","120","60","2018","1,2,3","2","14+","Extensive use of text - massive conversion needed to be playable","","","","","","expansion","","","","","","","","","","","","","","",""
"Arkham Horror: The Card Game – The Path to Carcosa: Expansion","225563","9","","0","1","0","0","0","0","0","0","0","3","","","","","","57825215","6.97053","8.72533","3.52","0","10884","thing","Arkham Horror: The Card Game – The Path to Carcosa: Expansion","1","2","120","120","60","2017","1,2","2","14+","Extensive use of text - massive conversion needed to be playable","","","","","","expansion","","","","","","","","","","","","","","",""
"BANG! The Dice Game","143741","7.5","","0","1","0","0","0","0","0","0","0","3","","","","","","57831237","6.77893","6.92386","1.2761","658","35229","thing","BANG! The Dice Game","3","8","15","15","15","2013","5,6,7,8","6,7","8+","Some necessary text - easily memorized or small crib sheet","","","","","","standalone","","","","","","","","","","","","","","",""
"Bargain Quest","223740","7","","0","1","0","0","0","0","0","0","0","3","","","","","","68075535","6.36016","6.92087","1.9688","1392","6304","thing","Bargain Quest","2","6","60","60","30","2017","2,3,4,5,6","4","10+","Moderate in-game text - needs crib sheet or paste ups","","","","","","standalone","","","","","","","","","","","","","","",""
"Betrayal at Baldur's Gate","228660","0","","0","1","0","0","0","0","0","0","0","1","","","","","","57828054","6.45716","7.10789","2.5614","1205","8272","thing","Betrayal at Baldur's Gate","3","6","60","60","60","2017","3,4,5,6","5","12+","Extensive use of text - massive conversion needed to be playable","","","","","","standalone","","","","","","","","","","","","","","",""
"Betrayal at House on the Hill","10547","7.5","","0","1","0","0","0","0","0","0","0","3","","","","","","57828049","6.83608","7.04632","2.3866","585","69093","thing","Betrayal at House on the Hill","3","6","60","60","60","2004","3,4,5,6","5,6","12+","Extensive use of text - massive conversion needed to be playable","","","","","","standalone","","","","","","","","","","","","","","",""
"Biblios","34219","6.5","","0","1","0","0","0","0","0","0","0","1","","","","","","57829171","7.02172","7.2052","1.6849","399","20907","thing","Biblios","2","4","30","30","30","2007","2,3,4","3","8+","No necessary in-game text","","","","","","standalone","","","","","","","","","","","","","","",""
"Blood Rage","170216","10","","0","1","0","0","0","0","0","0","0","3","","","","","","52754135","7.79972","7.9724","2.8801","40","48427","thing","Blood Rage","2","4","90","90","60","2015","3,4","4","12+","Moderate in-game text - needs crib sheet or paste ups","","","","","","standalone","","","","","","","","","","","","","","",""
"Blood Rage: 5th Player Expansion","174506","7.5","","0","1","0","0","0","0","0","0","0","1","","","","","","58789767","6.99823","8.08529","2.675","0","11513","thing","Blood Rage: 5th Player Expansion","5","5","90","90","60","2015","3,4,5","4,5","12+","Some necessary text - easily memorized or small crib sheet","","","","","","expansion","","","","","","","","","","","","","","",""
"Blood Rage: Gods of Ásgard","174801","6","","0","1","0","0","0","0","0","0","0","3","","","","","","57824967","6.70275","7.67509","2.6129","0","11229","thing","Blood Rage: Gods of Ásgard","2","4","90","90","60","2015","3,4","4","8+","Some necessary text - easily memorized or small crib sheet","","","","","","expansion","","","","","","","","","","","","","","",""
"Boom, Bang, Gold","235467","8","","0","1","0","0","0","0","0","0","0","3","","","","","","97147595","5.54138","6.19392","1.2","11665","334","thing","Boom, Bang, Gold","2","4","20","20","20","2017","3,4","4","6+","No necessary in-game text","","","","","","standalone","","","","","","","","","","","","","","",""
"Bottom of the 9th","166286","5.5","","0","1","0","0","0","0","0","0","0","3","","","","","","57833079","6.17272","6.7571","1.7077","1944","5015","thing","Bottom of the 9th","1","2","20","20","5","2015","1,2","2","8+","Some necessary text - easily memorized or small crib sheet","","","","","","standalone","","","","","","","","","","","","","","",""
"Camel Up (Second Edition)","260605","10","","0","1","0","0","0","0","0","0","0","3","","","","","","58789508","7.18456","7.63382","1.454","272","12914","thing","Camel Up (Second Edition)","3","8","45","45","30","2018","3,4,5,6,7,8","5,6","6+","No necessary in-game text","","","","","","standalone","","","","","","","","","","","","","","",""
"Captain Sonar","171131","7","","0","1","0","0","0","0","0","0","0","3","","","","","","52754164","7.32836","7.54066","2.1863","183","25638","thing","Captain Sonar","2","8","60","60","45","2016","6,7,8","8","12+","No necessary in-game text","","","","","","standalone","","","","","","","","","","","","","","",""
"Carcassonne","822","7","","0","1","0","0","0","0","0","0","0","3","","","","","","57829548","7.30467","7.41526","1.9026","199","169463","thing","Carcassonne","2","5","45","45","30","2000","2,3,4,5","2","8+","No necessary in-game text","","","","","","standalone","","","","","","","","","","","","","","",""
"Carcassonne: The Dice Game","89953","1","","0","1","0","0","0","0","0","0","0","3","","","","","","57922165","5.30551","4.94726","1.1111","22785","2197","thing","Carcassonne: The Dice Game","2","5","10","10","10","2011","2,3,4","2,3","8+","No necessary in-game text","","","","","","standalone","","","","","","","","","","","","","","",""
"Cartographers","263918","8","","0","1","0","0","0","0","0","0","0","3","","","","","","89434323","7.47197","7.68216","1.8905","119","36281","thing","Cartographers","1","100","45","45","30","2019","1,2,3,4,5,6,7,8,9","3,4","8+","Some necessary text - easily memorized or small crib sheet","","","","","","standalone","","","","","","","","","","","","","","",""
"Castellion","143404","7","","0","1","0","0","0","0","0","0","0","3","","","","","","57882581","6.21709","6.92307","2.0769","1790","4419","thing","Castellion","1","2","30","30","30","2015","1,2","1","10+","No necessary in-game text","","","","","","standalone","","","","","","","","","","","","","","",""
"Castle Panic","43443","8","","0","1","0","0","0","0","0","0","0","3","","","","","","57828181","6.48195","6.64906","1.6619","1148","26004","thing","Castle Panic","1","6","60","60","60","2009","1,2,3,4,5,6","4","6+","Some necessary text - easily memorized or small crib sheet","","","","","","standalone","","","","","","","","","","","","","","",""
"Castle Panic: The Wizard's Tower","104590","7","","0","1","0","0","0","0","0","0","0","3","","","","","","57828204","6.7527","7.46164","2.0702","0","9341","thing","Castle Panic: The Wizard's Tower","1","6","90","90","90","2011","1,2,3,4,5","3,4","8+","Some necessary text - easily memorized or small crib sheet","","","","","","expansion","","","","","","","","","","","","","","",""
"The Chameleon","227072","6.5","","0","1","0","0","0","0","0","0","0","3","","","","","","57882626","6.16387","6.61025","1.0638","1972","6963","thing","The Chameleon","3","8","15","15","15","2017","4,5,6,7,8","6,7","8+","Extensive use of text - massive conversion needed to be playable","","","","","","standalone","","","","","","","","","","","","","","",""
"Chronicles of Crime","239188","7","","0","1","0","0","0","0","0","0","0","1","","","","","","57833963","7.29688","7.68086","2.0888","202","31341","thing","Chronicles of Crime","1","4","90","90","60","2018","1,2,3","2","12+","Extensive use of text - massive conversion needed to be playable","","","","","","standalone","","","","","","","","","","","","","","",""
"Claustrophobia","36932","6.5","","0","1","0","0","0","0","0","0","0","3","","","","","","57829457","7.04238","7.48889","2.4812","384","9337","thing","Claustrophobia","2","2","45","45","45","2009","2","2","12+","Moderate in-game text - needs crib sheet or paste ups","","","","","","standalone","","","","","","","","","","","","","","",""
"Cockroach Poker","11971","9","","0","1","0","0","0","0","0","0","0","3","","","","","","57829221","6.55223","6.76055","1.1113","1017","17870","thing","Cockroach Poker","2","6","20","20","20","2004","3,4,5,6","5","6+","No necessary in-game text","","","","","","standalone","","","","","","","","","","","","","","",""
"Codenames","178900","5.5","","0","1","0","0","0","0","0","0","0","3","","Fun party game, but I highly encourage the use of timers. This game can stall from players over thinking clues.","","","","40821663","7.48812","7.57912","1.2753","114","128331","thing","Codenames","2","8","15","15","15","2015","4,5,6,7,8","6,8","10+","Unplayable in another language","","","","","","standalone","","","","","","","","","","","","","","",""
"Codenames: Disney – Family Edition","220775","5.5","","0","1","0","0","0","0","0","0","0","1","","","","","","57829437","6.13936","6.67279","1.2273","2062","7376","thing","Codenames: Disney – Family Edition","2","8","15","15","15","2017","4,5,6,7,8","6","6+","No necessary in-game text","","","","","","standalone","","","","","","","","","","","","","","",""
"Codenames: Duet","224037","6.5","","0","1","0","0","0","0","0","0","0","3","","","","","","57829432","7.309","7.50108","1.3499","194","37599","thing","Codenames: Duet","2","2","30","30","15","2017","2","2","12+","Unplayable in another language","","","","","","standalone","","","","","","","","","","","","","","",""
"Codenames: Pictures","198773","4","","0","1","0","0","0","0","0","0","0","3","","","","","","57829429","7.04767","7.21981","1.2444","377","34160","thing","Codenames: Pictures","2","8","15","15","15","2016","4,5,6,7,8","6","8+","No necessary in-game text","","","","","","standalone","","","","","","","","","","","","","","",""
"Codinca","131568","5","","0","1","0","0","0","0","0","0","0","3","","","","","","57924166","5.6825","6.16836","1.375","5467","1506","thing","Codinca","2","4","30","30","30","2012","3,4","2,3","8+","No necessary in-game text","","","","","","standalone","","","","","","","","","","","","","","",""
"Colt Express","158899","7.5","","0","1","0","0","0","0","0","0","0","3","","","","","","57830338","6.96829","7.10153","1.8259","447","39847","thing","Colt Express","2","6","40","40","40","2014","3,4,5,6","5,6","8+","No necessary in-game text","","","","","","standalone","","","","","","","","","","","","","","",""
"Colt Express: Horses & Stagecoach","181158","6","","0","1","0","0","0","0","0","0","0","1","","","","","","58749128","6.57247","7.44023","2.1452","0","10071","thing","Colt Express: Horses & Stagecoach","2","6","60","60","30","2015","3,4,5,6","4,5,6","10+","No necessary in-game text","","","","","","expansion","","","","","","","","","","","","","","",""
"Comanauts","256883","8.5","","0","1","0","0","0","0","0","0","0","3","","","","","","69662661","5.74241","6.55014","2.5333","4596","2230","thing","Comanauts","2","4","120","120","90","2019","1,2,3,4","2","12+","Extensive use of text - massive conversion needed to be playable","","","","","","standalone","","","","","","","","","","","","","","",""
"Concept","147151","8","","0","1","0","0","0","0","0","0","0","3","","","","","","57823712","6.64106","6.79224","1.3915","871","28152","thing","Concept","4","12","40","40","40","2013","3,4,5,6,7,8,9,10,11,12","6","10+","Extensive use of text - massive conversion needed to be playable","","","","","","standalone","","","","","","","","","","","","","","",""
"The Crew: The Quest for Planet Nine","284083","8","","0","1","0","0","0","0","0","0","0","3","","","","","","76233421","7.74469","7.91413","2.0097","48","60079","thing","The Crew: The Quest for Planet Nine","2","5","20","20","20","2019","3,4,5","4","10+","No necessary in-game text","","","","","","standalone","","","","","","","","","","","","","","",""
"Cribbage","2398","9.5","","0","1","0","0","0","0","0","0","0","3","","","","","","79179482","6.78046","7.07775","1.9013","653","14134","thing","Cribbage","2","4","30","30","30","1630","2,3,4","2","8+","No necessary in-game text","","","","","","standalone","","","","","","","","","","","","","","",""
"Dead of Winter: The Long Night","193037","7","1","0","1","0","0","0","0","0","0","0","3","","","","","","57824840","7.16448","7.58911","3.3736","281","19896","thing","Dead of Winter: The Long Night","2","5","120","120","60","2016","3,4,5","4","14+","Extensive use of text - massive conversion needed to be playable","","","","","","standalone","","","","","","","","","","","","","","",""
"Deception: Murder in Hong Kong","156129","6.5","","0","1","0","0","0","0","0","0","0","3","","","","","","57823811","7.27593","7.47861","1.5848","215","28598","thing","Deception: Murder in Hong Kong","4","12","20","20","20","2014","5,6,7,8,9,10,11,12","6,7,8","12+","Moderate in-game text - needs crib sheet or paste ups","","","","","","standalone","","","","","","","","","","","","","","",""
"Diamant","15512","8","","0","1","0","0","0","0","0","0","0","3","","","","","","65133740","6.69222","6.82215","1.1122","789","23646","thing","Diamant","3","8","30","30","30","2005","3,4,5,6,7,8","6,7,8","5+","No necessary in-game text","","","","","","standalone","","","","","","","","","","","","","","",""
"Dice Town","40793","10","","0","1","0","0","0","0","0","0","0","3","","","","","","52754168","6.58129","6.86165","1.6875","967","8804","thing","Dice Town","2","5","45","45","45","2009","3,4,5","4,5","8+","Some necessary text - easily memorized or small crib sheet","","","","","","standalone","","","","","","","","","","","","","","",""
"Dice Town: Wild West","94471","8","","0","1","0","0","0","0","0","0","0","3","","","","","","52754170","6.16267","7.34463","1.9722","0","2929","thing","Dice Town: Wild West","2","6","60","60","60","2011","3,4,5,6","6","8+","Moderate in-game text - needs crib sheet or paste ups","","","","","","expansion","","","","","","","","","","","","","","",""
"Dixit","39856","6","","0","1","0","0","0","0","0","0","0","3","","","","","","57824654","7.12198","7.23067","1.2069","317","81176","thing","Dixit","3","6","30","30","30","2008","4,5,6","5,6","8+","No necessary in-game text","","","","","","standalone","","","","","","","","","","","","","","",""
"Don't Get Got!","262547","0","","0","1","0","0","0","0","0","0","0","1","","","","","","69220525","6.0891","7.1113","1.05","2232","3068","thing","Don't Get Got!","2","10","1440","1440","30","2018","4,5,6,7,8,9,10","7","10+","Unplayable in another language","","","","","","standalone","","","","","","","","","","","","","","",""
"Draftosaurus","264055","7.5","","0","1","0","0","0","0","0","0","0","3","","","","","","65133760","6.85496","7.1392","1.2581","571","14872","thing","Draftosaurus","2","5","15","15","15","2019","2,3,4,5","4","6+","No necessary in-game text","","","","","","standalone","","","","","","","","","","","","","","",""
"Dragonfire","226501","7","","0","1","0","0","0","0","0","0","0","1","","","","","","68075602","6.33672","7.1874","3.2048","1449","5337","thing","Dragonfire","2","6","90","90","60","2017","1,2,3,4,5","4","12+","Extensive use of text - massive conversion needed to be playable","","","","","","standalone","","","","","","","","","","","","","","",""
"Drop It","244916","6","","0","1","0","0","0","0","0","0","0","3","","","","","","62701505","6.30742","6.91635","1.1","1523","3525","thing","Drop It","2","4","30","30","30","2018","2,3,4","2,4","5+","No necessary in-game text","","","","","","standalone","","","","","","","","","","","","","","",""
"Duelosaur Island","247236","7","","0","1","0","0","0","0","0","0","0","1","","","","","","58749135","6.50756","7.12006","2.3443","1104","7526","thing","Duelosaur Island","1","2","45","45","30","2018","1,2","2","10+","Moderate in-game text - needs crib sheet or paste ups","","","","","","standalone","","","","","","","","","","","","","","",""
"Dungeon Roll","138788","6","","0","1","0","0","0","0","0","0","0","1","","","","","","57833123","5.94243","6.101","1.3312","2937","15077","thing","Dungeon Roll","1","4","15","15","15","2013","1,2,3","2","6+","Some necessary text - easily memorized or small crib sheet","","","","","","standalone","","","","","","","","","","","","","","",""
"Dungeons & Dragons: Adventure Begins","315196","7","","0","1","0","0","0","0","0","0","0","3","","","","","","79179523","5.64309","6.40774","1.3846","6276","1899","thing","Dungeons & Dragons: Adventure Begins","2","4","0","0","0","2020","2,3,4","4","6+","Extensive use of text - massive conversion needed to be playable","","","","","","standalone","","","","","","","","","","","","","","",""
"Dungeons & Dragons: Castle Ravenloft Board Game","59946","8","","0","1","0","0","0","0","0","0","0","1","","","","","","60304233","6.64515","6.9795","2.505","864","16018","thing","Dungeons & Dragons: Castle Ravenloft Board Game","1","5","60","60","60","2010","1,2,3,4,5","4","10+","Extensive use of text - massive conversion needed to be playable","","","","","","standalone","","","","","","","","","","","","","","",""
"Dungeons & Dragons: The Legend of Drizzt Board Game","91872","6.5","","0","1","0","0","0","0","0","0","0","1","","","","","","60304238","6.72665","7.22865","2.585","724","12816","thing","Dungeons & Dragons: The Legend of Drizzt Board Game","1","5","60","60","60","2011","1,2,3,4,5","3,4","10+","Moderate in-game text - needs crib sheet or paste ups","","","","","","standalone","","","","","","","","","","","","","","",""
"Dungeons & Dragons: Wrath of Ashardalon Board Game","66356","6.5","","0","1","0","0","0","0","0","0","0","1","","","","","","60816943","6.65425","7.1148","2.6124","847","13039","thing","Dungeons & Dragons: Wrath of Ashardalon Board Game","1","5","60","60","60","2011","1,2,3,4,5","3,4","10+","Extensive use of text - massive conversion needed to be playable","","","","","","standalone","","","","","","","","","","","","","","",""
"Elder Sign","100423","6.5","","0","1","0","0","0","0","0","0","0","3","","","","","","57828154","6.80742","6.97415","2.3509","616","38671","thing","Elder Sign","1","8","90","90","90","2011","1,2,3,4","4","12+","Some necessary text - easily memorized or small crib sheet","","","","","","standalone","","","","","","","","","","","","","","",""
"Elder Sign: Gates of Arkham","166679","7","","0","1","0","0","0","0","0","0","0","3","","","","","","57828156","6.81462","7.78957","2.5833","0","9430","thing","Elder Sign: Gates of Arkham","1","8","90","90","90","2015","1,2,3,4","2,4","10+","Moderate in-game text - needs crib sheet or paste ups","","","","","","expansion","","","","","","","","","","","","","","",""
"Elder Sign: Omens of Ice","189807","5","","0","1","0","0","0","0","0","0","0","3","","","","","","57828159","6.26374","7.65816","2.5714","0","5591","thing","Elder Sign: Omens of Ice","1","8","90","90","60","2016","1,2,3,4","2","14+","Moderate in-game text - needs crib sheet or paste ups","","","","","","expansion","","","","","","","","","","","","","","",""
"Elder Sign: Omens of the Deep","212572","5","","0","1","0","0","0","0","0","0","0","3","","","","","","57828163","6.12124","7.78471","2.8571","0","4384","thing","Elder Sign: Omens of the Deep","1","8","90","90","90","2017","1,2,3,4","1,3","12+","Some necessary text - easily memorized or small crib sheet","","","","","","expansion","","","","","","","","","","","","","","",""
"En Garde","169","4","","0","1","0","0","0","0","0","0","0","1","","","","","","57832838","5.97131","6.4995","1.4032","2781","2150","thing","En Garde","2","2","30","30","20","1993","2","2","8+","No necessary in-game text","","","","","","standalone","","","","","","","","","","","","","","",""
"Ethnos","206718","10","","0","1","0","0","0","0","0","0","0","3","","","","","","57824749","7.18999","7.47321","2.0357","265","14547","thing","Ethnos","2","6","60","60","45","2017","2,3,4,5,6","4","10+","Some necessary text - easily memorized or small crib sheet","","","","","","standalone","","","","","","","","","","","","","","",""
"Famiglia","81453","5","","0","1","0","0","0","0","0","0","0","1","","","","","","57833046","6.08225","6.43467","1.7606","2261","4594","thing","Famiglia","2","2","30","30","30","2010","2","2","10+","No necessary in-game text","","","","","","standalone","","","","","","","","","","","","","","",""
"Fast Forward: FEAR","231664","4","","0","1","0","0","0","0","0","0","0","3","","","","","","57829190","5.75909","6.10076","1.0882","4395","2214","thing","Fast Forward: FEAR","2","5","15","15","15","2017","3,4,5","4","8+","Moderate in-game text - needs crib sheet or paste ups","","","","","","standalone","","","","","","","","","","","","","","",""
"Felicity: The Cat in the Sack","32125","7.5","","0","1","0","0","0","0","0","0","0","1","","","","","","57829205","6.27167","6.56874","1.3962","1631","5697","thing","Felicity: The Cat in the Sack","3","5","20","20","20","2007","3,4,5","5","8+","No necessary in-game text","","","","","","standalone","","","","","","","","","","","","","","",""
"Finger Guns at High Noon","276296","8","","0","1","0","0","0","0","0","0","0","3","","","","","","97147536","5.61338","6.44805","1.6","7140","665","thing","Finger Guns at High Noon","3","8","20","20","20","2019","4,5,6,7,8","7","8+","Some necessary text - easily memorized or small crib sheet","","","","","","standalone","","","","","","","","","","","","","","",""
"Fireball Island: The Curse of Vul-Kar","233020","7","","0","1","0","0","0","0","0","0","0","3","","","","","","62701487","6.43454","6.82586","1.4891","1237","12081","thing","Fireball Island: The Curse of Vul-Kar","2","4","60","60","45","2018","2,3,4","4","8+","Moderate in-game text - needs crib sheet or paste ups","","","","","","standalone","","","","","","","","","","","","","","",""
"Firefly: Shiny Dice","163170","4.5","","0","1","0","0","0","0","0","0","0","3","","","","","","57832819","5.48195","5.44534","1.85","21051","1806","thing","Firefly: Shiny Dice","1","5","30","30","30","2015","1,2","1","10+","Some necessary text - easily memorized or small crib sheet","","","","","","standalone","","","","","","","","","","","","","","",""
"Flash Point: Fire Rescue","100901","6.5","","0","1","0","0","0","0","0","0","0","3","","","","","","57829511","7.0231","7.17904","2.202","398","35760","thing","Flash Point: Fire Rescue","2","6","45","45","45","2011","1,2,3,4,5,6","4","8+","Some necessary text - easily memorized or small crib sheet","","","","","","standalone","","","","","","","","","","","","","","",""
"Flick 'em Up!: Dead of Winter","207016","6.5","","0","1","0","0","0","0","0","0","0","3","","","","","","57824786","6.05561","6.68838","2.1111","2389","4735","thing","Flick 'em Up!: Dead of Winter","1","10","45","45","30","2017","1,2,3,4,5,6","2,4","8+","Moderate in-game text - needs crib sheet or paste ups","","","","","","standalone","","","","","","","","","","","","","","",""
"For Sale","172","10","","0","1","0","0","0","0","0","0","0","3","","","","","","57828099","7.11411","7.23452","1.2572","322","32929","thing","For Sale","3","6","30","30","30","1997","3,4,5,6","5","8+","No necessary in-game text","","","","","","standalone","","","","","","","","","","","","","","",""
"Forbidden Desert","136063","8.5","","0","1","0","0","0","0","0","0","0","3","","My favorite from Matt Leacock (yes, even more than Pandemic).","","","","40821611","6.97432","7.10883","2.0462","438","48848","thing","Forbidden Desert","2","5","45","45","45","2013","1,2,3,4,5","4","8+","Some necessary text - easily memorized or small crib sheet","","","","","","standalone","","","","","","","","","","","","","","",""
"Forbidden Island","65244","6","","0","1","0","0","0","0","0","0","0","3","","","","","","57828079","6.67889","6.77767","1.739","804","81594","thing","Forbidden Island","2","4","30","30","30","2010","1,2,3,4","4","8+","Some necessary text - easily memorized or small crib sheet","","","","","","standalone","","","","","","","","","","","","","","",""
"Forbidden Sky","245271","6.5","","0","1","0","0","0","0","0","0","0","3","","","","","","57823701","6.08048","6.47815","2.6383","2271","9072","thing","Forbidden Sky","2","5","60","60","60","2018","1,2,3,4,5","3,4","8+","Some necessary text - easily memorized or small crib sheet","","","","","","standalone","","","","","","","","","","","","","","",""
"Friday","43570","7","","0","1","0","0","0","0","0","0","0","3","","","","","","57832748","6.95713","7.1284","2.1496","459","33121","thing","Friday","1","1","25","25","25","2011","1","1","10+","Some necessary text - easily memorized or small crib sheet","","","","","","standalone","","","","","","","","","","","","","","",""
"Fuji Flush","203430","7","","0","1","0","0","0","0","0","0","0","3","","","","","","57832937","6.14222","6.575","1.04","2051","4117","thing","Fuji Flush","3","8","20","20","10","2016","4,5,6,7,8","6,7,8","6+","No necessary in-game text","","","","","","standalone","","","","","","","","","","","","","","",""
"Fury of Dracula (Third/Fourth Edition)","181279","8","","0","1","0","0","0","0","0","0","0","3","","","","","","57833954","7.19158","7.47939","3.2562","262","23418","thing","Fury of Dracula (Third/Fourth Edition)","2","5","180","180","120","2015","2,3,4,5","3,5","12+","Extensive use of text - massive conversion needed to be playable","","","","","","standalone","","","","","","","","","","","","","","",""
"Get Bit!","30539","6","","0","1","0","0","0","0","0","0","0","3","","","","","","57829400","5.98182","6.1417","1.1232","2728","10923","thing","Get Bit!","3","6","20","20","20","2007","3,4,5,6","5,6","6+","No necessary in-game text","","","","","","standalone","","","","","","","","","","","","","","",""
"Ghostbusters: Protect the Barrier Game","201037","6","","0","1","0","0","0","0","0","0","0","3","","","","","","57829503","5.6365","6.58653","1.75","6451","576","thing","Ghostbusters: Protect the Barrier Game","2","4","30","30","30","2016","1,2,3,4","4","5+","","","","","","","standalone","","","","","","","","","","","","","","",""
"The Godfather: Corleone's Empire","195539","7.5","","0","1","0","0","0","0","0","0","0","3","","","","","","58746553","7.05854","7.54064","2.6265","367","10194","thing","The Godfather: Corleone's Empire","2","5","90","90","60","2017","2,3,4,5","4","12+","Some necessary text - easily memorized or small crib sheet","","","","","","standalone","","","","","","","","","","","","","","",""
"Good Cop Bad Cop","153064","7","","0","1","0","0","0","0","0","0","0","3","","","","","","57831251","6.18665","6.60621","1.2647","1887","4857","thing","Good Cop Bad Cop","4","8","20","20","10","2014","4,5,6,7,8","6,8","10+","Some necessary text - easily memorized or small crib sheet","","","","","","standalone","","","","","","","","","","","","","","",""
"The Grizzled","171668","5.5","","0","1","0","0","0","0","0","0","0","3","","","","","","57832798","6.93972","7.1637","1.973","481","21881","thing","The Grizzled","2","5","30","30","30","2015","3,4,5","4,5","10+","Some necessary text - easily memorized or small crib sheet","","","","","","standalone","","","","","","","","","","","","","","",""
"The Grizzled: At Your Orders!","194562","7.5","","0","1","0","0","0","0","0","0","0","1","","","","","","57832800","6.65179","7.64671","2.2353","0","7833","thing","The Grizzled: At Your Orders!","1","5","30","30","30","2016","1,2,3,4,5","4,5","12+","Some necessary text - easily memorized or small crib sheet","","","","","","expansion","","","","","","","","","","","","","","",""
"Groundhog Day: The Game","318359","7.5","","0","1","0","0","0","0","0","0","0","3","","","","","","79179391","5.69901","7.18824","1.2","5190","589","thing","Groundhog Day: The Game","2","6","25","25","15","2021","2,3,4,5,6","5","","No necessary in-game text","","","","","","standalone","","","","","","","","","","","","","","",""
"Guillotine","116","5.5","","0","1","0","0","0","0","0","0","0","3","","","","","","57832853","6.4011","6.53316","1.2672","1296","29965","thing","Guillotine","2","5","30","30","30","1998","2,3,4,5","4","10+","Moderate in-game text - needs crib sheet or paste ups","","","","","","standalone","","","","","","","","","","","","","","",""
"Hammer Time","321756","7","","0","1","0","0","0","0","0","0","0","3","","","","","","97147551","5.58158","6.70279","1","8517","305","thing","Hammer Time","2","4","30","30","15","2020","2,3,4","2,3,4","4–6","No necessary in-game text","","","","","","standalone","","","","","","","","","","","","","","",""
"Hanabi","98778","1.5","","0","1","0","0","0","0","0","0","0","3","","","","","","57833109","6.96264","7.0632","1.694","453","72036","thing","Hanabi","2","5","25","25","25","2010","2,3,4,5","4","10+","No necessary in-game text","","","","","","standalone","","","","","","","","","","","","","","",""
"Happy Salmon","194626","8","","0","1","0","0","0","0","0","0","0","3","","","","","","57833512","6.35704","6.71792","1.0879","1400","9258","thing","Happy Salmon","3","6","2","2","2","2016","4,5,6","5,6","5+","Some necessary text - easily memorized or small crib sheet","","","","","","standalone","","","","","","","","","","","","","","",""
"Hit Z Road","176083","7.5","","0","1","0","0","0","0","0","0","0","3","","","","","","57824698","6.33869","6.7638","1.8434","1439","7162","thing","Hit Z Road","1","4","60","60","30","2016","1,2,3,4","4","10+","Some necessary text - easily memorized or small crib sheet","","","","","","standalone","","","","","","","","","","","","","","",""
"Hive","2655","6","","0","1","0","0","0","0","0","0","0","3","","","","","","57829554","7.18515","7.32085","2.3226","270","44804","thing","Hive","2","2","20","20","20","2000","2","2","8+","No necessary in-game text","","","","","","standalone","","","","","","","","","","","","","","",""
"HMS Dolores","194523","7","","0","1","0","0","0","0","0","0","0","3","","","","","","60304241","5.76297","6.1412","1.3182","4363","2562","thing","HMS Dolores","2","4","20","20","10","2016","3,4","3","10+","No necessary in-game text","","","","","","standalone","","","","","","","","","","","","","","",""
"Horrified","282524","8","","0","1","0","0","0","0","0","0","0","3","","","","","","68075522","7.37057","7.73813","2.0478","161","24051","thing","Horrified","1","5","60","60","60","2019","1,2,3,4,5","3","8+","Moderate in-game text - needs crib sheet or paste ups","","","","","","standalone","","","","","","","","","","","","","","",""
"ICECOOL","177524","7","","0","1","0","0","0","0","0","0","0","3","","","","","","57828287","6.58196","6.80463","1.0405","965","16249","thing","ICECOOL","2","4","30","30","30","2016","3,4","4","6+","No necessary in-game text","","","","","","standalone","","","","","","","","","","","","","","",""
"In a Flash Firefighters","296354","6","","0","1","0","0","0","0","0","0","0","3","","","","","","97147576","5.51882","6.33182","0","15350","119","thing","In a Flash Firefighters","2","4","15","15","15","2020","2,3,4","4","4+","","","","","","","standalone","","","","","","","","","","","","","","",""
"Jamaica","28023","7","","0","1","0","0","0","0","0","0","0","3","","","","","","57823818","6.88949","7.06514","1.6562","537","24944","thing","Jamaica","2","6","60","60","30","2007","3,4,5,6","6","8+","No necessary in-game text","","","","","","standalone","","","","","","","","","","","","","","",""
"Jaws","272738","7","1","0","1","0","0","0","0","0","0","0","3","","Only the first act is worth playing. But the first act is a very fun and short asymmetric hidden movement game.","","","","62701468","6.65504","7.18583","2.1923","845","12536","thing","Jaws","2","4","60","60","60","2019","2,3,4","4","10+","Some necessary text - easily memorized or small crib sheet","","","","","","standalone","","","","","","","","","","","","","","",""
"Just One","254640","10","","0","1","0","0","0","0","0","0","0","3","","","","","","57825109","7.40875","7.61508","1.0514","146","31034","thing","Just One","3","7","20","20","20","2018","4,5,6,7","6,7","8+","Unplayable in another language","","","","","","standalone","","","","","","","","","","","","","","",""
"Kaosball: The Fantasy Sport of Total Domination","139992","6","","0","1","0","0","0","0","0","0","0","3","","","","","","58886862","5.82139","6.59451","2.5143","3783","1969","thing","Kaosball: The Fantasy Sport of Total Domination","2","4","60","60","30","2014","2,3,4","2","10+","Some necessary text - easily memorized or small crib sheet","","","","","","standalone","","","","","","","","","","","","","","",""
"Kero","222219","0","","0","1","0","0","0","0","0","0","0","1","","","","","","68649774","6.11909","7.17496","1.9706","2134","2680","thing","Kero","2","2","30","30","30","2018","2","2","10+","No necessary in-game text","","","","","","standalone","","","","","","","","","","","","","","",""
"King of New York","160499","9","","0","1","0","0","0","0","0","0","0","1","","","","","","60304225","6.73559","6.92064","1.8578","716","23940","thing","King of New York","2","6","40","40","40","2014","3,4,5,6","4","8+","Moderate in-game text - needs crib sheet or paste ups","","","","","","standalone","","","","","","","","","","","","","","",""
"King of Tokyo","70323","8","","0","1","0","0","0","0","0","0","0","3","","","","","","52754172","7.06246","7.15869","1.4907","363","92015","thing","King of Tokyo","2","6","30","30","30","2011","3,4,5,6","4,5","6+","Moderate in-game text - needs crib sheet or paste ups","","","","","","standalone","","","","","","","","","","","","","","",""
"King of Tokyo: Power Up!","127067","9","","0","1","0","0","0","0","0","0","0","3","","","","","","52754174","7.28208","7.60793","1.7044","0","30099","thing","King of Tokyo: Power Up!","2","6","30","30","30","2012","3,4,5,6","4,5,6","8+","Moderate in-game text - needs crib sheet or paste ups","","","","","","expansion","","","","","","","","","","","","","","",""
"Kingdomino","204583","6","","0","1","0","0","0","0","0","0","0","3","","","","","","57829588","7.2189","7.33822","1.2163","248","67001","thing","Kingdomino","2","4","25","25","15","2016","2,3,4","2,4","6+","No necessary in-game text","","","","","","standalone","","","","","","","","","","","","","","",""
"Kingsport Festival","154509","8","","0","1","0","0","0","0","0","0","0","3","","","","","","57829377","6.13056","6.67266","2.617","2087","4507","thing","Kingsport Festival","3","5","90","90","90","2014","2,3,4,5","4","12+","Moderate in-game text - needs crib sheet or paste ups","","","","","","standalone","","","","","","","","","","","","","","",""
"KLASK","165722","8","","0","1","0","0","0","0","0","0","0","3","","","","","","90596157","7.21205","7.6399","1.0769","250","10821","thing","KLASK","2","2","10","10","10","2014","2","2","6+","No necessary in-game text","","","","","","standalone","","","","","","","","","","","","","","",""
"Libertalia","125618","9","","0","1","0","0","0","0","0","0","0","3","","","","","","57823721","6.93573","7.1446","2.2367","487","14272","thing","Libertalia","2","6","60","60","40","2012","3,4,5,6","4","10+","Moderate in-game text - needs crib sheet or paste ups","","","","","","standalone","","","","","","","","","","","","","","",""
"Lost Cities","50","8","","0","1","0","0","0","0","0","0","0","3","","","","","","68075704","7.10459","7.20414","1.4864","330","58633","thing","Lost Cities","2","2","30","30","30","1999","2","2","8+","No necessary in-game text","","","","","","standalone","","","","","","","","","","","","","","",""
"Love Letter","129622","6.5","","0","1","0","0","0","0","0","0","0","3","","","","","","57830355","7.13731","7.22958","1.1889","300","102053","thing","Love Letter","2","4","20","20","20","2012","3,4","4","8+","Some necessary text - easily memorized or small crib sheet","","","","","","standalone","","","","","","","","","","","","","","",""
"Love Letter: Adventure Time","175307","6.5","","0","1","0","0","0","0","0","0","0","3","","","","","","57830365","6.28839","7.23856","1.0698","1574","3723","thing","Love Letter: Adventure Time","2","4","20","20","20","2015","3,4","4","6+","Some necessary text - easily memorized or small crib sheet","","","","","","standalone","","","","","","","","","","","","","","",""
"Love Letter: Premium Edition","196326","7","","0","1","0","0","0","0","0","0","0","3","","","","","","57830358","6.90165","7.44636","1.3125","525","9114","thing","Love Letter: Premium Edition","2","8","30","30","20","2016","3,4,5,6,7,8","4,5,6","8+","Some necessary text - easily memorized or small crib sheet","","","","","","standalone","","","","","","","","","","","","","","",""
"Magic Maze","209778","5.5","","0","1","0","0","0","0","0","0","0","1","","","","","","57829523","6.83591","6.99765","1.7778","586","28473","thing","Magic Maze","1","8","15","15","15","2017","2,3,4,5,6","4","8+","No necessary in-game text","","","","","","standalone","","","","","","","","","","","","","","",""
"Mansions of Madness: Second Edition","205059","9","","0","1","0","0","0","0","0","0","0","3","","","","","","57824956","7.76055","8.00078","2.6661","47","48239","thing","Mansions of Madness: Second Edition","1","5","180","180","120","2016","1,2,3,4,5","3,4","12+","Extensive use of text - massive conversion needed to be playable","","","","","","standalone","","","","","","","","","","","","","","",""
"Memoir '44","10630","9","","0","1","0","0","0","0","0","0","0","3","","","","","","57824916","7.3758","7.55452","2.2713","160","37281","thing","Memoir '44","2","8","60","60","30","2004","2","2","8+","Moderate in-game text - needs crib sheet or paste ups","","","","","","standalone","","","","","","","","","","","","","","",""
"Mental Blocks","275089","6","","0","1","0","0","0","0","0","0","0","1","","","","","","79179533","5.8509","6.8643","1.4444","3556","1149","thing","Mental Blocks","2","9","20","20","10","2019","2,3,4,5,6,7","4,6","8+","No necessary in-game text","","","","","","standalone","","","","","","","","","","","","","","",""
"Metro X","248861","8","","0","1","0","0","0","0","0","0","0","3","","","","","","79179441","6.2382","7.15044","1.7647","1724","2859","thing","Metro X","1","6","20","20","20","2018","1,2,3,4,5,6","1,2","10+","No necessary in-game text","","","","","","standalone","","","","","","","","","","","","","","",""
"MicroMacro: Crime City","318977","9","","0","1","0","0","0","0","0","0","0","3","","","","","","90596131","7.28813","7.63727","1.1184","205","20490","thing","MicroMacro: Crime City","1","4","45","45","15","2020","1,2,3","2","8+","Moderate in-game text - needs crib sheet or paste ups","","","","","","standalone","","","","","","","","","","","","","","",""
"The Mind","244992","7.5","1","0","1","0","0","0","0","0","0","0","1","","","","","","57829535","6.70144","6.82698","1.0722","774","43210","thing","The Mind","2","4","20","20","20","2018","2,3,4","4","8+","No necessary in-game text","","","","","","standalone","","","","","","","","","","","","","","",""
"My First Castle Panic","267314","6","","0","1","0","0","0","0","0","0","0","3","","","","","","79179576","5.77244","6.7037","1.1053","4264","1442","thing","My First Castle Panic","1","4","20","20","20","2019","1,2,3,4","3","3–8","No necessary in-game text","","","","","","standalone","","","","","","","","","","","","","","",""
"My Little Scythe","226320","9","","0","1","0","0","0","0","0","0","0","3","","","","","","57824718","6.77173","7.2926","2","666","11018","thing","My Little Scythe","1","6","60","60","45","2017","1,2,3,4,5,6","4","6+","Moderate in-game text - needs crib sheet or paste ups","","","","","","standalone","","","","","","","","","","","","","","",""
"My Very First Games: Rhino Hero Junior","321711","7","","0","1","0","0","0","0","0","0","0","3","","","","","","97147671","5.51448","6.21521","1","16185","148","thing","My Very First Games: Rhino Hero Junior","1","4","20","20","10","2020","2","2","2–5","No necessary in-game text","","","","","","standalone","","","","","","","","","","","","","","",""
"Mysterium","181304","8","","0","1","0","0","0","0","0","0","0","3","","","","","","57829609","7.12284","7.25987","1.905","315","59623","thing","Mysterium","2","7","42","42","42","2015","3,4,5,6,7","5,6","8+","No necessary in-game text","","","","","","standalone","","","","","","","","","","","","","","",""
"Mythe","139629","6","","0","1","0","0","0","0","0","0","0","3","","","","","","68075555","5.59464","5.93137","1.3846","7852","1124","thing","Mythe","2","5","20","20","20","2012","2,3,4,5","4","6+","No necessary in-game text","","","","","","standalone","","","","","","","","","","","","","","",""
"New York Slice","208895","7.5","","0","1","0","0","0","0","0","0","0","3","","","","","","57824740","6.28366","6.70485","1.4231","1589","5225","thing","New York Slice","2","6","30","30","30","2017","3,4,5,6","4","8+","Some necessary text - easily memorized or small crib sheet","","","","","","standalone","","","","","","","","","","","","","","",""
"No Thanks!","12942","7","","0","1","0","0","0","0","0","0","0","3","","","","","","57833525","6.94286","7.06551","1.1356","477","32595","thing","No Thanks!","3","7","20","20","20","2004","3,4,5,6,7","4,5","8+","No necessary in-game text","","","","","","standalone","","","","","","","","","","","","","","",""
"Onirim (Second Edition)","156336","6","","0","1","0","0","0","0","0","0","0","3","","","","","","57882580","6.77775","7.05754","1.5743","660","12666","thing","Onirim (Second Edition)","1","2","15","15","15","2014","1,2","1","10+","No necessary in-game text","","","","","","standalone","","","","","","","","","","","","","","",""
"Outfoxed!","172931","9","","0","1","0","0","0","0","0","0","0","3","","","","","","79179568","6.5446","7.17195","1.1237","1031","6889","thing","Outfoxed!","2","4","20","20","20","2014","2,3,4","3,4","4–10","No necessary in-game text","","","","","","standalone","","","","","","","","","","","","","","",""
"Pandemic","30549","6","","0","1","0","0","0","0","0","0","0","3","","","","","","52754149","7.4691","7.57168","2.4058","122","177710","thing","Pandemic","2","4","45","45","45","2008","1,2,3,4","4","10+","Some necessary text - easily memorized or small crib sheet","","","","","","standalone","","","","","","","","","","","","","","",""
"Pandemic Legacy: Season 1","161936","5.5","","0","1","0","0","0","0","0","0","0","3","","","","","","52754151","8.42471","8.57567","2.8288","3","74279","thing","Pandemic Legacy: Season 1","2","4","60","60","60","2015","2,3,4","4","12+","Extensive use of text - massive conversion needed to be playable","","","","","","standalone","","","","","","","","","","","","","","",""
"Pandemic Legacy: Season 2","221107","6","","0","1","0","0","0","0","0","0","0","3","","","","","","61604906","7.76516","8.0796","3.2528","46","28440","thing","Pandemic Legacy: Season 2","2","4","60","60","60","2017","2,3,4","4","12+","Extensive use of text - massive conversion needed to be playable","","","","","","standalone","","","","","","","","","","","","","","",""
"Pandemic: In the Lab","137136","8","","0","1","0","0","0","0","0","0","0","3","","","","","","57829475","7.20067","7.86869","2.8854","0","18870","thing","Pandemic: In the Lab","1","6","60","60","45","2013","1,2,3,4,5,6","4","10+","Some necessary text - easily memorized or small crib sheet","","","","","","expansion","","","","","","","","","","","","","","",""
"Pandemic: On the Brink","40849","4","","0","1","0","0","0","0","0","0","0","3","","","","","","57829464","7.76939","8.05725","2.6556","0","47233","thing","Pandemic: On the Brink","2","5","45","45","45","2009","1,2,3,4,5","4","10+","Moderate in-game text - needs crib sheet or paste ups","","","","","","expansion","","","","","","","","","","","","","","",""
"Parfum","172546","4.5","","0","1","0","0","0","0","0","0","0","3","","","","","","57832687","5.9493","6.4948","2.0694","2903","3342","thing","Parfum","2","4","45","45","45","2015","2,3,4","3","8+","No necessary in-game text","","","","","","standalone","","","","","","","","","","","","","","",""
"Paris: La Cité de la Lumière","276498","7","","0","1","0","0","0","0","0","0","0","3","","","","","","79179544","6.65671","7.37343","2.0366","840","6897","thing","Paris: La Cité de la Lumière","2","2","30","30","30","2019","2","2","8+","No necessary in-game text","","","","","","standalone","","","","","","","","","","","","","","",""
"Patchwork","163412","6","","0","1","0","0","0","0","0","0","0","3","","","","","","52754143","7.51815","7.62303","1.6181","103","85512","thing","Patchwork","2","2","30","30","15","2014","2","2","6+","No necessary in-game text","","","","","","standalone","","","","","","","","","","","","","","",""
"Perudo","45","5.5","","0","1","0","0","0","0","0","0","0","3","","","","","","57830412","6.72013","6.91055","1.261","739","17972","thing","Perudo","2","6","30","30","15","1800","3,4,5,6","5,6","8+","No necessary in-game text","","","","","","standalone","","","","","","","","","","","","","","",""
"Phantom Ink","330592","9","","0","1","0","0","0","0","0","0","0","3","","","","","","97147516","5.65471","7.70729","1.25","5993","348","thing","Phantom Ink","4","8","15","15","10","2022","4,6,8","4","","","","","","","","standalone","","","","","","","","","","","","","","",""
"Piece of Pie","301009","7","","0","1","0","0","0","0","0","0","0","1","","","","","","79179413","5.55374","6.75169","2","10369","169","thing","Piece of Pie","2","4","15","15","15","2020","2","2","","","","","","","","standalone","","","","","","","","","","","","","","",""
"Power Grid: The Card Game","203780","5.5","","0","1","0","0","0","0","0","0","0","3","","","","","","57832741","6.10116","6.71489","2.4545","2191","4084","thing","Power Grid: The Card Game","2","6","60","60","45","2016","2,3,4,5,6","4,5","10+","No necessary in-game text","","","","","","standalone","","","","","","","","","","","","","","",""
"Pups","200512","6","","0","1","0","0","0","0","0","0","0","3","","","","","","57832848","5.60807","6.90946","1.6667","7318","335","thing","Pups","2","5","30","30","15","2016","4,5","4","","","","","","","","standalone","","","","","","","","","","","","","","",""
"Pyramid Arcade","187988","8.5","","0","1","0","0","0","0","0","0","0","1","","","","","","58789526","6.13927","7.8605","2.3333","0","2137","thing","Pyramid Arcade","1","10","180","180","5","2016","1,2,3,4,5,6,7","2,4","5+","No necessary in-game text","","","","","","standalone","","","","","","","","","","","","","","",""
"Pyramid Poker","213953","7","","0","1","0","0","0","0","0","0","0","3","","","","","","57824726","5.77492","6.39297","1.2727","4227","1206","thing","Pyramid Poker","2","2","30","30","10","2017","2","2","10+","No necessary in-game text","","","","","","standalone","","","","","","","","","","","","","","",""
"The Quacks of Quedlinburg","244521","8","","0","1","0","0","0","0","0","0","0","3","","","","","","68075670","7.69398","7.84889","1.9485","60","54211","thing","The Quacks of Quedlinburg","2","4","45","45","45","2018","2,3,4","4","8+","Moderate in-game text - needs crib sheet or paste ups","","","","","","standalone","","","","","","","","","","","","","","",""
"Quiddler","339","1.5","","0","1","0","0","0","0","0","0","0","3","","","","","","57831232","5.84404","6.10548","1.4273","3618","7778","thing","Quiddler","1","8","30","30","30","1998","2,3,4,5,6","4","8+","Extensive use of text - massive conversion needed to be playable","","","","","","standalone","","","","","","","","","","","","","","",""
"Raptor","177639","9","","0","1","0","0","0","0","0","0","0","3","","","","","","57824817","6.96734","7.28084","2.0737","448","13602","thing","Raptor","2","2","30","30","30","2015","2","2","10+","No necessary in-game text","","","","","","standalone","","","","","","","","","","","","","","",""
"Rattlebones","150146","7","","0","1","0","0","0","0","0","0","0","3","","","","","","57832662","5.86408","6.48173","1.5636","3442","1737","thing","Rattlebones","2","4","30","30","15","2014","2,3,4","4","8+","No necessary in-game text","","","","","","standalone","","","","","","","","","","","","","","",""
"The Red Dragon Inn","24310","5.5","","0","1","0","0","0","0","0","0","0","3","","","","","","57829626","6.27031","6.56444","1.6532","1635","12935","thing","The Red Dragon Inn","2","4","45","45","45","2007","3,4","4","12+","Extensive use of text - massive conversion needed to be playable","","","","","","standalone","","","","","","","","","","","","","","",""
"The Resistance","41114","5","","0","1","0","0","0","0","0","0","0","3","","","","","","57828070","7.11785","7.24947","1.6022","319","59932","thing","The Resistance","5","10","30","30","30","2009","5,6,7,8,9,10","7","12+","No necessary in-game text","","","","","","standalone","","","","","","","","","","","","","","",""
"The Resistance: Avalon","128882","6","","0","1","0","0","0","0","0","0","0","3","","","","","","52754161","7.36736","7.54814","1.7577","163","43027","thing","The Resistance: Avalon","5","10","30","30","30","2012","5,6,7,8,9,10","7,8","12+","Some necessary text - easily memorized or small crib sheet","","","","","","standalone","","","","","","","","","","","","","","",""
"Rhino Hero: Super Battle","218333","8","","0","1","0","0","0","0","0","0","0","3","","","","","","97147663","6.7301","7.25889","1.1194","722","8405","thing","Rhino Hero: Super Battle","2","4","20","20","10","2017","2,3,4","3,4","5+","No necessary in-game text","","","","","","standalone","","","","","","","","","","","","","","",""
"Rising 5: Runes of Asteros","185196","6.5","","0","1","0","0","0","0","0","0","0","3","","","","","","57824694","5.99709","6.53342","1.9032","2664","2979","thing","Rising 5: Runes of Asteros","1","5","25","25","15","2017","1,2,3,4","2","10+","No necessary in-game text","","","","","","standalone","","","","","","","","","","","","","","",""
"Robot Turtles","147370","7.5","","0","1","0","0","0","0","0","0","0","3","","","","","","57828172","5.68492","5.97181","1.3514","5422","3587","thing","Robot Turtles","2","5","15","15","15","2013","2,3,4","3,4","4–10","No necessary in-game text","","","","","","standalone","","","","","","","","","","","","","","",""
"Saboteur","9220","6","","0","1","0","0","0","0","0","0","0","1","","","","","","57833456","6.44201","6.5572","1.3245","1225","47804","thing","Saboteur","3","10","30","30","30","2004","5,6,7,8,9,10","7,8","8+","No necessary in-game text","","","","","","standalone","","","","","","","","","","","","","","",""
"Say Anything","33604","7","","0","1","0","0","0","0","0","0","0","3","","","","","","57829564","6.41711","6.72337","1.0916","1270","10036","thing","Say Anything","3","8","30","30","30","2008","4,5,6,7,8","6,7,8","10+","Extensive use of text - massive conversion needed to be playable","","","","","","standalone","","","","","","","","","","","","","","",""
"Schotten Totten","372","6.5","","0","1","0","0","0","0","0","0","0","3","","","","","","90596266","7.02446","7.33352","1.7166","397","15443","thing","Schotten Totten","2","2","20","20","20","1999","2","2","8+","No necessary in-game text","","","","","","standalone","","","","","","","","","","","","","","",""
"Scrimish Card Game","189890","5.5","","0","1","0","0","0","0","0","0","0","3","","","","","","57832791","5.54806","5.92796","1.125","10902","1024","thing","Scrimish Card Game","2","999","100","100","10","2015","2,3,4,5","4","6+","","","","","","","standalone","","","","","","","","","","","","","","",""
"Secret Hitler","188834","4","","0","1","0","0","0","0","0","0","0","1","","","","","","57829414","7.28127","7.5306","1.6723","209","31886","thing","Secret Hitler","5","10","45","45","45","2016","6,7,8,9,10","8,10","14+","Some necessary text - easily memorized or small crib sheet","","","","","","standalone","","","","","","","","","","","","","","",""
"Sentinels of the Multiverse","102652","3","","0","1","0","0","0","0","0","0","0","3","","","","","","57832720","6.92912","7.17881","2.5062","495","21921","thing","Sentinels of the Multiverse","2","5","60","60","30","2011","1,2,3,4,5","4","10+","Extensive use of text - massive conversion needed to be playable","","","","","","standalone","","","","","","","","","","","","","","",""
"Shadows over Camelot","15062","7.5","","0","1","0","0","0","0","0","0","0","3","","","","","","57824904","6.96047","7.10835","2.5667","456","32861","thing","Shadows over Camelot","3","7","80","80","60","2005","4,5,6,7","5,6,7","10+","Moderate in-game text - needs crib sheet or paste ups","","","","","","standalone","","","","","","","","","","","","","","",""
"Shark Island","197909","3.5","","0","1","0","0","0","0","0","0","0","3","","","","","","57829384","5.47659","5.25359","2.75","21399","412","thing","Shark Island","2","5","60","60","30","2017","4,5","4,5","10+","Moderate in-game text - needs crib sheet or paste ups","","","","","","standalone","","","","","","","","","","","","","","",""
"Sheriff of Nottingham","157969","7","","0","1","0","0","0","0","0","0","0","3","","","","","","57824779","6.98344","7.10703","1.6557","427","49308","thing","Sheriff of Nottingham","3","5","60","60","60","2014","3,4,5","5","10+","Some necessary text - easily memorized or small crib sheet","","","","","","standalone","","","","","","","","","","","","","","",""
"Sherlock Holmes Consulting Detective: The Thames Murders & Other Cases","2511","7","","0","1","0","0","0","0","0","0","0","3","","","","","","57828136","7.45999","7.68233","2.6732","126","36984","thing","Sherlock Holmes Consulting Detective: The Thames Murders & Other Cases","1","8","120","120","60","1982","1,2,3,4","2","14+","Unplayable in another language","","","","","","standalone","","","","","","","","","","","","","","",""
"Skull","92415","10","","0","1","0","0","0","0","0","0","0","3","","","","","","57829348","7.01581","7.20017","1.1265","402","27570","thing","Skull","3","6","45","45","15","2011","3,4,5,6","5,6","8+","No necessary in-game text","","","","","","standalone","","","","","","","","","","","","","","",""
"Smash Up","122522","6","","0","1","0","0","0","0","0","0","0","3","","","","","","57824797","6.55792","6.72155","2.063","1008","42224","thing","Smash Up","2","4","45","45","45","2012","2,3,4","3","10+","Extensive use of text - massive conversion needed to be playable","","","","","","standalone","","","","","","","","","","","","","","",""
"Sonar","231819","7","","0","1","0","0","0","0","0","0","0","3","","","","","","57824702","6.04025","6.71692","1.92","2449","4550","thing","Sonar","2","4","30","30","30","2017","2,4","4","10+","No necessary in-game text","","","","","","standalone","","","","","","","","","","","","","","",""
"Spyfall","166384","8","","0","1","0","0","0","0","0","0","0","3","","","","","","57828128","6.69879","6.82728","1.2369","778","27404","thing","Spyfall","3","8","15","15","15","2014","4,5,6,7,8","6","12+","Some necessary text - easily memorized or small crib sheet","","","","","","standalone","","","","","","","","","","","","","","",""
"Star Trek Panic","193737","5","","0","1","0","0","0","0","0","0","0","3","","","","","","57828195","6.21096","6.99265","2.1304","1806","3830","thing","Star Trek Panic","1","6","90","90","90","2016","1,2,3,4,5","4","10+","Moderate in-game text - needs crib sheet or paste ups","","","","","","standalone","","","","","","","","","","","","","","",""
"Star Wars: Empire vs. Rebellion","160964","5","","0","1","0","0","0","0","0","0","0","3","","","","","","57829360","5.87851","6.288","1.7442","3331","4598","thing","Star Wars: Empire vs. Rebellion","2","2","60","60","60","2014","2","2","8+","Moderate in-game text - needs crib sheet or paste ups","","","","","","standalone","","","","","","","","","","","","","","",""
"Star Wars: Imperial Assault","164153","6","","0","1","0","0","0","0","0","0","0","1","","","","","","62701478","7.70476","7.98635","3.3032","55","38762","thing","Star Wars: Imperial Assault","1","5","120","120","60","2014","2,3,4,5","2,5","12+","Extensive use of text - massive conversion needed to be playable","","","","","","standalone","","","","","","","","","","","","","","",""
"Star Wars: X-Wing Miniatures Game – The Force Awakens Core Set","183562","5","","0","1","0","0","0","0","0","0","0","3","","","","","","57833808","6.87779","7.76998","2.8545","549","8043","thing","Star Wars: X-Wing Miniatures Game – The Force Awakens Core Set","2","2","45","45","30","2015","2","2","10+","Moderate in-game text - needs crib sheet or paste ups","","","","","","standalone","","","","","","","","","","","","","","",""
"Survive: Escape from Atlantis!","2653","9","","0","1","0","0","0","0","0","0","0","1","","","","","","80786845","7.13372","7.31379","1.7002","303","33998","thing","Survive: Escape from Atlantis!","2","4","60","60","45","1982","2,3,4","4","8+","No necessary in-game text","","","","","","standalone","","","","","","","","","","","","","","",""
"Sushi Go Party!","192291","6.5","","0","1","0","0","0","0","0","0","0","3","","","","","","57828303","7.26922","7.43058","1.3016","221","50996","thing","Sushi Go Party!","2","8","20","20","20","2016","2,3,4,5,6,7,8","4,5","8+","Some necessary text - easily memorized or small crib sheet","","","","","","standalone","","","","","","","","","","","","","","",""
"Sushi Go!","133473","6.5","","0","1","0","0","0","0","0","0","0","3","","","","","","57828301","6.91861","7.02984","1.1601","502","70504","thing","Sushi Go!","2","5","15","15","15","2013","3,4,5","4","6+","No necessary in-game text","","","","","","standalone","","","","","","","","","","","","","","",""
"Sushi Roll","271869","8","","0","1","0","0","0","0","0","0","0","3","","","","","","68649769","6.5061","7.07638","1.2353","1105","7073","thing","Sushi Roll","2","5","20","20","20","2019","2,3,4,5","4","6+","No necessary in-game text","","","","","","standalone","","","","","","","","","","","","","","",""
"T.I.M.E Stories","146508","7","","0","1","0","0","0","0","0","0","0","3","","-Gorgeous art work
-Clean, easy to learn/teach mechanics
-Immersive story telling
-Instant recommendation for any audience 13+","","","","40821596","7.27814","7.45996","2.5975","213","38323","thing","T.I.M.E Stories","2","4","90","90","90","2015","2,3,4","4","14+","Unplayable in another language","","","","","","standalone","","","","","","","","","","","","","","",""
"T.I.M.E Stories: A Prophecy of Dragons","189035","10","","0","1","0","0","0","0","0","0","0","3","","","","","","57824860","7.01699","7.57623","2.6418","0","13734","thing","T.I.M.E Stories: A Prophecy of Dragons","2","4","180","180","90","2016","2,3,4","4","10+","Extensive use of text - massive conversion needed to be playable","","","","","","expansion","","","","","","","","","","","","","","",""
"T.I.M.E Stories: Estrella Drive","220836","1","","0","1","0","0","0","0","0","0","0","3","","","","","","57824875","6.34999","7.23191","2.2","0","6195","thing","T.I.M.E Stories: Estrella Drive","2","4","90","90","90","2017","2,3,4","4","14+","Extensive use of text - massive conversion needed to be playable","","","","","","expansion","","","","","","","","","","","","","","",""
"T.I.M.E Stories: Expedition – Endurance","193527","6","","0","1","0","0","0","0","0","0","0","3","","","","","","57824869","6.66872","7.38222","2.2609","0","8961","thing","T.I.M.E Stories: Expedition – Endurance","2","4","90","90","60","2017","3,4","4","14+","Unplayable in another language","","","","","","expansion","","","","","","","","","","","","","","",""
"T.I.M.E Stories: The Marcy Case","180585","6","","0","1","0","0","0","0","0","0","0","3","","","","","","57824864","7.06594","7.5253","2.6591","0","15616","thing","T.I.M.E Stories: The Marcy Case","2","4","90","90","60","2015","2,3,4","4","12+","Unplayable in another language","","","","","","expansion","","","","","","","","","","","","","","",""
"T.I.M.E Stories: Under the Mask","189686","2","","0","1","0","0","0","0","0","0","0","3","","","","","","57824885","6.716","7.31435","2.4615","0","11143","thing","T.I.M.E Stories: Under the Mask","2","4","90","0","90","2016","2,3,4","4","12+","Unplayable in another language","","","","","","expansion","","","","","","","","","","","","","","",""
"Takenoko","70919","6","","0","1","0","0","0","0","0","0","0","3","","","","","","65133738","7.1159","7.2452","1.9753","320","61847","thing","Takenoko","2","4","45","45","45","2011","2,3,4","3","8+","No necessary in-game text","","","","","","standalone","","","","","","","","","","","","","","",""
"Targi","118048","9","","0","1","0","0","0","0","0","0","0","3","","","","","","65133724","7.4411","7.63909","2.3419","129","30232","thing","Targi","2","2","60","60","60","2012","2","2","10+","Moderate in-game text - needs crib sheet or paste ups","","","","","","standalone","","","","","","","","","","","","","","",""
"Telestrations","46213","7.5","","0","1","0","0","0","0","0","0","0","3","","","","","","57828141","7.16364","7.39504","1.0746","283","21998","thing","Telestrations","4","8","30","30","30","2009","5,6,7,8","8","8+","Extensive use of text - massive conversion needed to be playable","","","","","","standalone","","","","","","","","","","","","","","",""
"Terraforming Mars","167791","6.5","","0","1","0","0","0","0","0","0","0","3","","","","","","57824923","8.2556","8.40049","3.249","5","111848","thing","Terraforming Mars","1","5","120","120","120","2016","1,2,3,4","3","12+","Extensive use of text - massive conversion needed to be playable","","","","","","standalone","","","","","","","","","","","","","","",""
"Terraforming Mars: Hellas & Elysium","218127","7","","0","1","0","0","0","0","0","0","0","3","","","","","","57824933","7.88093","8.39357","2.8583","0","30798","thing","Terraforming Mars: Hellas & Elysium","1","5","120","120","90","2017","1,2,3,4,5","3","12+","No necessary in-game text","","","","","","expansion","","","","","","","","","","","","","","",""
"Terraforming Mars: Prelude","247030","9","","0","1","0","0","0","0","0","0","0","3","","","","","","57824927","8.3703","8.83415","2.5109","0","36620","thing","Terraforming Mars: Prelude","1","5","120","120","90","2018","1,2,3,4,5","3","12+","Moderate in-game text - needs crib sheet or paste ups","","","","","","expansion","","","","","","","","","","","","","","",""
"Three-Dragon Ante: Emperor's Gambit","63196","4","","0","1","0","0","0","0","0","0","0","1","","","","","","57833092","5.76405","6.66604","1.8","4347","1269","thing","Three-Dragon Ante: Emperor's Gambit","2","6","30","30","30","2010","4,5,6","4,5,6","12+","Extensive use of text - massive conversion needed to be playable","","","","","","standalone","","","","","","","","","","","","","","",""
"Ticket to Ride","9209","6","","0","1","0","0","0","0","0","0","0","3","","Fine go to for casual gaming night, but given its length, I prefer several micro games over it now.","","","","40821637","7.29724","7.40742","1.8412","201","112092","thing","Ticket to Ride","2","5","60","60","30","2004","2,3,4,5","4","8+","No necessary in-game text","","","","","","standalone","","","","","","","","","","","","","","",""
"Ticket to Ride: New York","253284","7.5","","0","1","0","0","0","0","0","0","0","3","","","","","","68075564","6.58979","6.96514","1.236","954","12680","thing","Ticket to Ride: New York","2","4","15","15","10","2018","2,3,4","2","6+","No necessary in-game text","","","","","","standalone","","","","","","","","","","","","","","",""
"Tides of Time","176229","5.5","","0","1","0","0","0","0","0","0","0","1","","","","","","57832843","6.38473","6.61841","1.5625","1335","11206","thing","Tides of Time","2","2","20","20","15","2015","2","2","10+","Some necessary text - easily memorized or small crib sheet","","","","","","standalone","","","","","","","","","","","","","","",""
"Timeline: Inventions","85256","6","","0","1","0","0","0","0","0","0","0","3","","","","","","57829217","6.45657","6.70595","1.1019","1206","13774","thing","Timeline: Inventions","2","8","15","15","15","2010","2,3,4,5,6,7,8","4","8+","Moderate in-game text - needs crib sheet or paste ups","","","","","","standalone","","","","","","","","","","","","","","",""
"Tiny Epic Defenders","155708","7","","0","1","0","0","0","0","0","0","0","3","","","","","","57825272","5.94553","6.26954","1.8137","2922","6880","thing","Tiny Epic Defenders","1","4","30","30","30","2015","1,2,3,4","1","8+","Some necessary text - easily memorized or small crib sheet","","","","","","standalone","","","","","","","","","","","","","","",""
"Tiny Epic Dinosaurs","291508","0","","0","1","0","0","0","0","0","0","0","1","","","","","","76233424","6.5676","7.37984","2.6","994","7782","thing","Tiny Epic Dinosaurs","1","4","60","60","30","2020","1,2,3,4","2","10+","Moderate in-game text - needs crib sheet or paste ups","","","","","","standalone","","","","","","","","","","","","","","",""
"Tiny Epic Galaxies","163967","9.5","","0","1","0","0","0","0","0","0","0","3","","","","","","52754237","7.1455","7.35573","2.1567","293","32612","thing","Tiny Epic Galaxies","1","5","45","45","30","2015","1,2,3,4","3","10+","Moderate in-game text - needs crib sheet or paste ups","","","","","","standalone","","","","","","","","","","","","","","",""
"Tiny Epic Western","180852","7","","0","1","0","0","0","0","0","0","0","3","","","","","","57825238","6.25312","6.65514","2.8774","1683","11495","thing","Tiny Epic Western","1","4","45","45","30","2016","1,3,4","4","14+","Moderate in-game text - needs crib sheet or paste ups","","","","","","standalone","","","","","","","","","","","","","","",""
"Tiny Epic Zombies","244536","6","","0","1","0","0","0","0","0","0","0","3","","","","","","57825391","6.49448","6.99041","2.4773","1127","13844","thing","Tiny Epic Zombies","1","5","45","45","30","2018","1,2,3,4,5","3","10+","Some necessary text - easily memorized or small crib sheet","","","","","","standalone","","","","","","","","","","","","","","",""
"Tsuro","16992","5.5","","0","1","0","0","0","0","0","0","0","3","","","","","","57828151","6.54513","6.66638","1.2285","1030","37338","thing","Tsuro","2","8","20","20","15","2005","2,3,4,5,6,7,8","4,6","6+","No necessary in-game text","","","","","","standalone","","","","","","","","","","","","","","",""
"Unlock!: Escape Adventures – Squeek & Sausage","216092","8","","0","1","0","0","0","0","0","0","0","3","","","","","","57828251","6.53276","7.17557","2.125","1055","4205","thing","Unlock!: Escape Adventures – Squeek & Sausage","1","6","75","75","45","2017","1,2,3,4","2,3","10+","Extensive use of text - massive conversion needed to be playable","","","","","","standalone","","","","","","","","","","","","","","",""
"Unlock!: Escape Adventures – The Formula","216091","6.5","","0","1","0","0","0","0","0","0","0","3","","","","","","57828275","6.41725","7.01481","2.3333","1269","3995","thing","Unlock!: Escape Adventures – The Formula","1","6","75","75","45","2017","1,2,3,4","2,3","12+","Extensive use of text - massive conversion needed to be playable","","","","","","standalone","","","","","","","","","","","","","","",""
"Unlock!: Escape Adventures – The Island of Doctor Goorse","216094","0","","0","1","0","0","0","0","0","0","0","1","","","","","","57922521","6.10827","6.70049","2.9167","2163","3461","thing","Unlock!: Escape Adventures – The Island of Doctor Goorse","2","6","60","60","60","2017","2,3,4,5,6","4","12+","Extensive use of text - massive conversion needed to be playable","","","","","","standalone","","","","","","","","","","","","","","",""
"Unlock!: Mystery Adventures – The House on the Hill","230303","8.5","","0","1","0","0","0","0","0","0","0","3","","","","","","57828262","6.30127","7.01173","1.76","1540","3516","thing","Unlock!: Mystery Adventures – The House on the Hill","1","6","60","60","60","2017","1,2,3,4","2","12+","Extensive use of text - massive conversion needed to be playable","","","","","","standalone","","","","","","","","","","","","","","",""
"Unlock!: Mystery Adventures – The Nautilus' Traps","230304","8","","0","1","0","0","0","0","0","0","0","3","","","","","","57828257","5.74628","5.96712","2.7778","4552","3427","thing","Unlock!: Mystery Adventures – The Nautilus' Traps","1","6","60","60","60","2017","2,3,4","2,3","12+","Extensive use of text - massive conversion needed to be playable","","","","","","standalone","","","","","","","","","","","","","","",""
"Unlock!: Mystery Adventures – The Tonipal's Treasure","230305","0","","0","1","0","0","0","0","0","0","0","1","","","","","","57922517","6.27256","7.02604","2.5263","1624","3650","thing","Unlock!: Mystery Adventures – The Tonipal's Treasure","1","6","60","60","60","2017","1,2,3,4","2","12+","Extensive use of text - massive conversion needed to be playable","","","","","","standalone","","","","","","","","","","","","","","",""
"Unlock!: Secret Adventures – A Noside Story","245352","6.5","","0","1","0","0","0","0","0","0","0","1","","","","","","57922524","6.12457","7.04423","2.5","2112","1796","thing","Unlock!: Secret Adventures – A Noside Story","1","6","60","60","60","2018","1,2,3,4","2","12+","Moderate in-game text - needs crib sheet or paste ups","","","","","","standalone","","","","","","","","","","","","","","",""
"Via Magica","300936","7","","0","1","0","0","0","0","0","0","0","1","","","","","","79179461","6.01298","6.79609","1.4545","2571","1617","thing","Via Magica","2","6","30","30","30","2020","2,3,4,5,6","3","6+","No necessary in-game text","","","","","","standalone","","","","","","","","","","","","","","",""
"Via Nebula","191231","7.5","","0","1","0","0","0","0","0","0","0","3","","","","","","65133722","6.57868","7.04315","2.2231","970","5914","thing","Via Nebula","2","4","60","60","45","2016","2,3,4","3,4","8+","Some necessary text - easily memorized or small crib sheet","","","","","","standalone","","","","","","","","","","","","","","",""
"Viticulture Essential Edition","183394","10","","0","1","0","0","0","0","0","0","0","3","","","","","","57834784","7.88207","8.03663","2.8867","29","53858","thing","Viticulture Essential Edition","1","6","90","90","45","2015","1,2,3,4,5,6","3,4","12+","Moderate in-game text - needs crib sheet or paste ups","","","","","","standalone","","","","","","","","","","","","","","",""
"Viticulture: Tuscany Essential Edition","202174","9","","0","1","0","0","0","0","0","0","0","3","","","","","","79179380","7.9969","8.59306","3.266","0","22157","thing","Viticulture: Tuscany Essential Edition","1","6","150","150","60","2016","1,2,3,4,5,6","4","12+","Moderate in-game text - needs crib sheet or paste ups","","","","","","expansion","","","","","","","","","","","","","","",""
"Welcome to the Dungeon","150312","7.5","","0","1","0","0","0","0","0","0","0","3","","","","","","57832871","6.42432","6.57026","1.2362","1254","23180","thing","Welcome to the Dungeon","2","4","30","30","30","2013","2,3,4","3","8+","Some necessary text - easily memorized or small crib sheet","","","","","","standalone","","","","","","","","","","","","","","",""
"Welcome To...","233867","8.5","","0","1","0","0","0","0","0","0","0","3","","","","","","69220518","7.41647","7.58173","1.8238","143","38962","thing","Welcome To...","1","100","25","25","25","2018","1,2,3,4,5,6,7,8,9,10,11,12","3,4","10+","No necessary in-game text","","","","","","standalone","","","","","","","","","","","","","","",""
"Werewords","219215","6","","0","1","0","0","0","0","0","0","0","3","","","","","","57829181","6.64429","7.14161","1.1613","867","7434","thing","Werewords","4","10","10","10","10","2017","4,5,6,7,8,9,10","6,7","8+","Extensive use of text - massive conversion needed to be playable","","","","","","standalone","","","","","","","","","","","","","","",""
"Western Legends","232405","0","","0","1","0","0","0","0","0","0","0","1","","","","","","90596152","7.21272","7.62388","2.8182","249","14548","thing","Western Legends","2","6","90","90","60","2018","3,4,5","4","12+","Moderate in-game text - needs crib sheet or paste ups","","","","","","standalone","","","","","","","","","","","","","","",""
"When I Dream","198454","5.5","","0","1","0","0","0","0","0","0","0","1","","","","","","57829452","6.57188","7.00951","1.2162","985","8789","thing","When I Dream","4","10","40","40","20","2016","4,5,6,7,8,9,10","6","8+","Some necessary text - easily memorized or small crib sheet","","","","","","standalone","","","","","","","","","","","","","","",""
"Wits & Wagers Family","66588","8","","0","1","0","0","0","0","0","0","0","3","","It's cornbread: Simple, quick, highly enjoyable. It's a trivia game where the dumb-dumbs can do just as well as the know-it-alls without anyone holding back.","","","","40821713","6.23826","6.92081","1.1026","1723","4181","thing","Wits & Wagers Family","3","10","20","20","20","2010","3,4,5,6,7,8,9,10","4,5,6","6+","Unplayable in another language","","","","","","standalone","","","","","","","","","","","","","","",""
"Wobble King","242550","6.5","","0","1","0","0","0","0","0","0","0","3","","","","","","97147587","5.50993","5.73421","1","17105","125","thing","Wobble King","2","4","15","15","5","2018","2,3,4","2,3,4","3–5","No necessary in-game text","","","","","","standalone","","","","","","","","","","","","","","",""
"Yeti in My Spaghetti","198961","5","","0","1","0","0","0","0","0","0","0","3","","","","","","79179614","5.41244","4.93121","1","22584","842","thing","Yeti in My Spaghetti","2","99","15","15","15","2015","2,3,4,5,6","3,4","4+","No necessary in-game text","","","","","","standalone","","","","","","","","","","","","","","",""
"Zombie Dice","62871","6.5","","0","1","0","0","0","0","0","0","0","3","","","","","","58400748","6.08357","6.22163","1.0973","2256","33172","thing","Zombie Dice","2","99","20","20","10","2010","2,3,4,5,6,7,8","4","6+","No necessary in-game text","","","","","","standalone","","","","","","","","","","","","","","",""
